{
  "Total" : {
    "transaction" : "Total",
    "sampleCount" : 4000,
    "errorCount" : 0,
    "errorPct" : 0.0,
    "meanResTime" : 2551.6032500000024,
    "medianResTime" : 1965.0,
    "minResTime" : 99.0,
    "maxResTime" : 18076.0,
    "pct1ResTime" : 5828.300000000001,
    "pct2ResTime" : 6598.549999999998,
    "pct3ResTime" : 10508.029999999979,
    "throughput" : 160.1473355487048,
    "receivedKBytesPerSec" : 518.8574660562717,
    "sentKBytesPerSec" : 24.456093355887415
  },
  "HTTP Request" : {
    "transaction" : "HTTP Request",
    "sampleCount" : 4000,
    "errorCount" : 0,
    "errorPct" : 0.0,
    "meanResTime" : 2551.6032500000024,
    "medianResTime" : 1965.0,
    "minResTime" : 99.0,
    "maxResTime" : 18076.0,
    "pct1ResTime" : 5828.300000000001,
    "pct2ResTime" : 6598.549999999998,
    "pct3ResTime" : 10508.029999999979,
    "throughput" : 160.1473355487048,
    "receivedKBytesPerSec" : 518.8574660562717,
    "sentKBytesPerSec" : 24.456093355887415
  }
}