{
  "Total" : {
    "transaction" : "Total",
    "sampleCount" : 7600,
    "errorCount" : 0,
    "errorPct" : 0.0,
    "meanResTime" : 4700.594868421066,
    "medianResTime" : 3637.0,
    "minResTime" : 108.0,
    "maxResTime" : 30199.0,
    "pct1ResTime" : 11651.800000000001,
    "pct2ResTime" : 12980.75,
    "pct3ResTime" : 13895.729999999994,
    "throughput" : 189.14883026381284,
    "receivedKBytesPerSec" : 612.790027882342,
    "sentKBytesPerSec" : 28.884910480960677
  },
  "HTTP Request" : {
    "transaction" : "HTTP Request",
    "sampleCount" : 7600,
    "errorCount" : 0,
    "errorPct" : 0.0,
    "meanResTime" : 4700.594868421066,
    "medianResTime" : 3637.0,
    "minResTime" : 108.0,
    "maxResTime" : 30199.0,
    "pct1ResTime" : 11651.800000000001,
    "pct2ResTime" : 12980.75,
    "pct3ResTime" : 13895.729999999994,
    "throughput" : 189.14883026381284,
    "receivedKBytesPerSec" : 612.790027882342,
    "sentKBytesPerSec" : 28.884910480960677
  }
}