{
  "Total" : {
    "transaction" : "Total",
    "sampleCount" : 7200,
    "errorCount" : 0,
    "errorPct" : 0.0,
    "meanResTime" : 4614.537638888868,
    "medianResTime" : 3519.0,
    "minResTime" : 110.0,
    "maxResTime" : 28106.0,
    "pct1ResTime" : 11522.900000000001,
    "pct2ResTime" : 12758.199999999997,
    "pct3ResTime" : 16948.60999999997,
    "throughput" : 179.47950942267423,
    "receivedKBytesPerSec" : 581.2322000573338,
    "sentKBytesPerSec" : 27.408308873018246
  },
  "HTTP Request" : {
    "transaction" : "HTTP Request",
    "sampleCount" : 7200,
    "errorCount" : 0,
    "errorPct" : 0.0,
    "meanResTime" : 4614.537638888868,
    "medianResTime" : 3519.0,
    "minResTime" : 110.0,
    "maxResTime" : 28106.0,
    "pct1ResTime" : 11522.900000000001,
    "pct2ResTime" : 12758.199999999997,
    "pct3ResTime" : 16948.60999999997,
    "throughput" : 179.47950942267423,
    "receivedKBytesPerSec" : 581.2322000573338,
    "sentKBytesPerSec" : 27.408308873018246
  }
}