{
  "Total" : {
    "transaction" : "Total",
    "sampleCount" : 6400,
    "errorCount" : 0,
    "errorPct" : 0.0,
    "meanResTime" : 4017.791874999988,
    "medianResTime" : 3266.0,
    "minResTime" : 177.0,
    "maxResTime" : 19454.0,
    "pct1ResTime" : 9334.900000000001,
    "pct2ResTime" : 10463.849999999999,
    "pct3ResTime" : 11806.779999999995,
    "throughput" : 185.5987008090943,
    "receivedKBytesPerSec" : 601.2212992634052,
    "sentKBytesPerSec" : 28.342770350607548
  },
  "HTTP Request" : {
    "transaction" : "HTTP Request",
    "sampleCount" : 6400,
    "errorCount" : 0,
    "errorPct" : 0.0,
    "meanResTime" : 4017.791874999988,
    "medianResTime" : 3266.0,
    "minResTime" : 177.0,
    "maxResTime" : 19454.0,
    "pct1ResTime" : 9334.900000000001,
    "pct2ResTime" : 10463.849999999999,
    "pct3ResTime" : 11806.779999999995,
    "throughput" : 185.5987008090943,
    "receivedKBytesPerSec" : 601.2212992634052,
    "sentKBytesPerSec" : 28.342770350607548
  }
}