{
  "Total" : {
    "transaction" : "Total",
    "sampleCount" : 3600,
    "errorCount" : 0,
    "errorPct" : 0.0,
    "meanResTime" : 2003.4155555555587,
    "medianResTime" : 1593.0,
    "minResTime" : 100.0,
    "maxResTime" : 18595.0,
    "pct1ResTime" : 4626.400000000001,
    "pct2ResTime" : 5555.799999999999,
    "pct3ResTime" : 8731.499999999989,
    "throughput" : 156.8149148407893,
    "receivedKBytesPerSec" : 507.40229865890575,
    "sentKBytesPerSec" : 23.94719951975432
  },
  "HTTP Request" : {
    "transaction" : "HTTP Request",
    "sampleCount" : 3600,
    "errorCount" : 0,
    "errorPct" : 0.0,
    "meanResTime" : 2003.4155555555587,
    "medianResTime" : 1593.0,
    "minResTime" : 100.0,
    "maxResTime" : 18595.0,
    "pct1ResTime" : 4626.400000000001,
    "pct2ResTime" : 5555.799999999999,
    "pct3ResTime" : 8731.499999999989,
    "throughput" : 156.8149148407893,
    "receivedKBytesPerSec" : 507.40229865890575,
    "sentKBytesPerSec" : 23.94719951975432
  }
}