{
  "Total" : {
    "transaction" : "Total",
    "sampleCount" : 4400,
    "errorCount" : 0,
    "errorPct" : 0.0,
    "meanResTime" : 2550.494318181817,
    "medianResTime" : 1943.0,
    "minResTime" : 105.0,
    "maxResTime" : 18859.0,
    "pct1ResTime" : 5905.0,
    "pct2ResTime" : 6577.9,
    "pct3ResTime" : 10709.979999999978,
    "throughput" : 171.15960633290544,
    "receivedKBytesPerSec" : 554.5255943176955,
    "sentKBytesPerSec" : 26.137776797175867
  },
  "HTTP Request" : {
    "transaction" : "HTTP Request",
    "sampleCount" : 4400,
    "errorCount" : 0,
    "errorPct" : 0.0,
    "meanResTime" : 2550.494318181817,
    "medianResTime" : 1943.0,
    "minResTime" : 105.0,
    "maxResTime" : 18859.0,
    "pct1ResTime" : 5905.0,
    "pct2ResTime" : 6577.9,
    "pct3ResTime" : 10709.979999999978,
    "throughput" : 171.15960633290544,
    "receivedKBytesPerSec" : 554.5255943176955,
    "sentKBytesPerSec" : 26.137776797175867
  }
}