{
  "Total" : {
    "transaction" : "Total",
    "sampleCount" : 4800,
    "errorCount" : 0,
    "errorPct" : 0.0,
    "meanResTime" : 4189.259583333332,
    "medianResTime" : 2640.0,
    "minResTime" : 109.0,
    "maxResTime" : 14497.0,
    "pct1ResTime" : 9064.100000000006,
    "pct2ResTime" : 10342.0,
    "pct3ResTime" : 11233.98,
    "throughput" : 133.6637799003091,
    "receivedKBytesPerSec" : 432.51172930125864,
    "sentKBytesPerSec" : 20.411790607334797
  },
  "HTTP Request" : {
    "transaction" : "HTTP Request",
    "sampleCount" : 4800,
    "errorCount" : 0,
    "errorPct" : 0.0,
    "meanResTime" : 4189.259583333332,
    "medianResTime" : 2640.0,
    "minResTime" : 109.0,
    "maxResTime" : 14497.0,
    "pct1ResTime" : 9064.100000000006,
    "pct2ResTime" : 10342.0,
    "pct3ResTime" : 11233.98,
    "throughput" : 133.6637799003091,
    "receivedKBytesPerSec" : 432.51172930125864,
    "sentKBytesPerSec" : 20.411790607334797
  }
}