{
  "Total" : {
    "transaction" : "Total",
    "sampleCount" : 8400,
    "errorCount" : 0,
    "errorPct" : 0.0,
    "meanResTime" : 5150.0627380952465,
    "medianResTime" : 4015.0,
    "minResTime" : 110.0,
    "maxResTime" : 30613.0,
    "pct1ResTime" : 12430.500000000004,
    "pct2ResTime" : 13956.9,
    "pct3ResTime" : 15218.889999999998,
    "throughput" : 190.666424550572,
    "receivedKBytesPerSec" : 617.6332217802343,
    "sentKBytesPerSec" : 29.116662245210644
  },
  "HTTP Request" : {
    "transaction" : "HTTP Request",
    "sampleCount" : 8400,
    "errorCount" : 0,
    "errorPct" : 0.0,
    "meanResTime" : 5150.0627380952465,
    "medianResTime" : 4015.0,
    "minResTime" : 110.0,
    "maxResTime" : 30613.0,
    "pct1ResTime" : 12430.500000000004,
    "pct2ResTime" : 13956.9,
    "pct3ResTime" : 15218.889999999998,
    "throughput" : 190.666424550572,
    "receivedKBytesPerSec" : 617.6332217802343,
    "sentKBytesPerSec" : 29.116662245210644
  }
}