{
  "Total" : {
    "transaction" : "Total",
    "sampleCount" : 800,
    "errorCount" : 0,
    "errorPct" : 0.0,
    "meanResTime" : 160.1575,
    "medianResTime" : 113.0,
    "minResTime" : 107.0,
    "maxResTime" : 1073.0,
    "pct1ResTime" : 449.0,
    "pct2ResTime" : 462.94999999999993,
    "pct3ResTime" : 494.0,
    "throughput" : 38.345396155874035,
    "receivedKBytesPerSec" : 124.2352452607487,
    "sentKBytesPerSec" : 5.855723949096487
  },
  "HTTP Request" : {
    "transaction" : "HTTP Request",
    "sampleCount" : 800,
    "errorCount" : 0,
    "errorPct" : 0.0,
    "meanResTime" : 160.1575,
    "medianResTime" : 113.0,
    "minResTime" : 107.0,
    "maxResTime" : 1073.0,
    "pct1ResTime" : 449.0,
    "pct2ResTime" : 462.94999999999993,
    "pct3ResTime" : 494.0,
    "throughput" : 38.345396155874035,
    "receivedKBytesPerSec" : 124.2352452607487,
    "sentKBytesPerSec" : 5.855723949096487
  }
}