{
  "Total" : {
    "transaction" : "Total",
    "sampleCount" : 6800,
    "errorCount" : 0,
    "errorPct" : 0.0,
    "meanResTime" : 4228.670441176447,
    "medianResTime" : 3238.0,
    "minResTime" : 109.0,
    "maxResTime" : 20224.0,
    "pct1ResTime" : 10201.800000000001,
    "pct2ResTime" : 11352.849999999999,
    "pct3ResTime" : 12200.719999999994,
    "throughput" : 166.0480562609885,
    "receivedKBytesPerSec" : 537.8990046655231,
    "sentKBytesPerSec" : 25.357192185363353
  },
  "HTTP Request" : {
    "transaction" : "HTTP Request",
    "sampleCount" : 6800,
    "errorCount" : 0,
    "errorPct" : 0.0,
    "meanResTime" : 4228.670441176447,
    "medianResTime" : 3238.0,
    "minResTime" : 109.0,
    "maxResTime" : 20224.0,
    "pct1ResTime" : 10201.800000000001,
    "pct2ResTime" : 11352.849999999999,
    "pct3ResTime" : 12200.719999999994,
    "throughput" : 166.0480562609885,
    "receivedKBytesPerSec" : 537.8990046655231,
    "sentKBytesPerSec" : 25.357192185363353
  }
}